,a,b,c,e,h,i,p,r,pred,Class
YLRRRQKAL,0.3258303202606488,0.26690610978031915,0.39790973207926783,0.2834547439148042,0.288454948677197,0.32643635064138266,0.4049348975050523,0.34417140348886754,9.848561865153734,Weak
RVRQAWDTL,0.2737727418538209,0.2858373997297383,0.37104636730398954,0.21440445792377072,0.2233978630511636,0.22291454025950752,0.2522172846394778,0.2380614871178407,15.460828707067224,Weak
SMKTRTAWF,0.9006381737177842,0.9211441763856684,0.8791484368260724,0.9661676983741637,0.8844993694573589,0.909958669218872,0.9919260674604217,0.9425010619518415,13.126235773684103,Weak
FMKVKFEAL,0.29885867726065957,0.3630238298977032,0.1821642827964246,0.22886687495465552,0.19575128126585384,0.2702316884489059,0.39358003674533004,0.28817428276289625,9.773191433876224,Weak
WMRWGGWPF,0.359769558888232,0.33065725526768597,0.2884256047839472,0.30747673842951484,0.3094586474686615,0.3499058286934629,0.4377465490354092,0.3564838126528569,6.914225008374297,Weak
SMRSRARHI,0.5738092252106215,0.6059086465477571,0.7754017099988525,0.7444496123967695,0.6597351079406675,0.5837161420211735,0.7247269237358928,0.6147082914961843,13.44748810620883,Weak
VMAASGAPF,0.4009060983692872,0.445174222355582,0.2227194727848113,0.3682166031743569,0.33063635357645194,0.3401760986443142,0.41013572256461506,0.3752693476719139,8.124656453401448,Weak
TQFGVPFVL,0.6581045652391346,0.643949525032019,0.5627359126136836,0.5907814801460108,0.5587532629712966,0.6366962734931519,0.6799239504650326,0.6420635193799304,13.276851424812962,Weak
TQHFGWHAF,0.44707749655766066,0.4461375534036681,0.3773659344787982,0.42830732047479636,0.3872554208223945,0.4138514623993599,0.5937290971509269,0.46359357137768176,2.3351965212305363,Weak
YQVPFVQAF,0.2900538284981657,0.260365339636761,0.12445577821487419,0.12084364938742054,0.13086352534011625,0.19260495605954564,0.22356099178331557,0.20175413622983085,9.696696798654749,Weak
WQQWDRQSL,0.44324402338873375,0.3131689519790689,0.3776245801819501,0.2771926285489571,0.28126812576211735,0.3458420365525604,0.31066877714640107,0.34801624279951304,14.707325457630768,Weak
WMACNSAAF,0.6703207892427996,0.7091175931687911,0.4576918223614469,0.5550020084232629,0.5398387211451232,0.6296979471408602,0.6146156200674463,0.6372497154082379,14.514793698172019,Weak
FQWAIQDGI,0.4797540690084769,0.4553923521966322,0.47347933365224437,0.4388296616143693,0.44327468404708414,0.4299286147665985,0.5285537453389008,0.4443175342944228,6.249391414058934,Weak
TMKRKRLFL,0.608363731812088,0.5524214050110073,0.673883414094765,0.6376617951342932,0.5857512598824663,0.6508942839368673,0.7028189238893067,0.6730763374467235,15.146876896933083,Weak
RARRHLAAL,0.22775240756469967,0.21047843280859946,0.3348162923979693,0.22844055291735899,0.2215886948168273,0.19635585334242756,0.2543433130948217,0.23748515073342302,11.436789955004851,Weak
FRRVAHSSL,0.14168614777728777,0.16013417389986195,0.12719080681347517,0.1197348309596371,0.10614539848210025,0.08828702179198933,0.19685539704251476,0.09787180460142764,8.774917591496902,Weak
HMPAARPEL,0.4862084878736889,0.440647513032978,0.43037518598180247,0.4962780534397123,0.44728847953957296,0.49414444898964327,0.5814537521062965,0.530446184076657,8.669972543056142,Weak
SQMPTSLNF,0.776191448487729,0.7360041121489026,0.6438049434978909,0.7122089402671367,0.6735213788435972,0.7758758359928656,0.843954960834253,0.7767513069550018,10.812690058414626,Weak
YLRKHIRAL,0.6016360764429973,0.5813477894800722,0.6535098606892039,0.5547439284160108,0.5553773606591643,0.6093519516115046,0.6687470855403265,0.6338472202923664,11.529572441976708,Weak
WQTDTTIPL,0.35400658773340427,0.2837616151803025,0.39175242444700953,0.3393746650642838,0.26726280878279884,0.2453537403418825,0.2933466134219226,0.3150381587376859,13.11260033727278,Weak
SLPPNFSSL,0.539232434740655,0.48389704430220604,0.46571725347920545,0.5159516176212563,0.4625397797831833,0.5165103743555038,0.658318484304751,0.5432602849274506,5.999318691502757,Weak
YNLRRGTAL,0.10064859013073374,0.0,0.17990320034847318,0.04177588446509428,0.05026245435314991,0.08444512203859711,0.15778457084123165,0.10975192606690554,9.050925013322702,Weak
ILKERKQAL,0.49470913591967874,0.45307654533329045,0.49201998159252447,0.41393569424815035,0.43298793816565806,0.46646507255748093,0.4961174843590973,0.5003895829995921,9.381594364076198,Weak
RQWFIDVPL,0.1627621528704472,0.12466572257025388,0.18739465783982345,0.08021687432170621,0.09345836734628443,0.06987911296819194,0.10793314997689163,0.09024898043416574,10.75139568906141,Weak
ALLKHRFEI,0.338371603718193,0.3134340009307832,0.3877074851125447,0.320463090271241,0.30009392652988776,0.3235102371131414,0.4488145729129137,0.35876238808075733,7.759283652313987,Weak
MIRRRNQIL,0.05309235316096672,0.041334150610825016,0.1596176207019223,0.008783567926153979,0.04258835749388856,0.008517594869706158,0.029977045645269706,0.014648207472033326,13.19622078651907,Weak
REMINHYQV,0.16145478939930452,0.13003205614058388,0.16195341668264807,0.04680926131539942,0.08215136658557032,0.10507682986984712,0.13703635750034016,0.09939161030425425,11.498851634643534,Weak
RLARRARNI,0.38135589048152335,0.44109086057011726,0.7203349846830128,0.4513933666087754,0.47189568007458527,0.426444076987499,0.5229784182271285,0.4188318232300249,16.4587195239178,Weak
RAAPLMQSL,0.5186493954593769,0.47244949708776807,0.4613824427475478,0.4933858150462004,0.4496959816872669,0.495461916574076,0.5750170258495267,0.5372775194957926,8.925633326773188,Weak
ALRSRWRAL,0.3529850278315155,0.35531445840734877,0.4635609695934456,0.40125873895520325,0.35981612425031184,0.3244728541550972,0.430671732884227,0.3840322385774845,9.854672661224098,Weak
LQLARDGMF,0.5098657941063833,0.46039456763760056,0.4414028463859824,0.46569312245365435,0.4435271416665465,0.5112365152731247,0.5384138557170498,0.5120845799493576,13.01467187753263,Weak
WMMAMRYPI,0.2509389022966378,0.23463238008642084,0.20494021848005006,0.313078953017324,0.2233492158444489,0.24020560058158846,0.2721020256725676,0.2476480192314202,17.852269510873164,Weak
YMREVGAAL,0.26493045100995166,0.24498095965615208,0.16950376098513498,0.19035455918886646,0.17839679120886176,0.227217952541916,0.28118381150092986,0.2537283751690659,9.590694602750983,Weak
YLACKQHAL,0.6832778223167244,0.6159075015466592,0.6132210158901711,0.5655545677915331,0.5493409639951867,0.6683058929861173,0.7515281801317849,0.7227055714264063,7.177710483849369,Weak
YMKKRYEEF,0.23589547725568455,0.2316907776061643,0.277065583225386,0.20491253115914543,0.1969682633107579,0.24898571394171132,0.3940410193030709,0.2678525117090901,7.571073667781297,Weak
KQIVIINPM,0.3928285847100533,0.4878533278231504,0.4147028818178774,0.37569520642248977,0.38012860503867474,0.3450475377109953,0.35403712175699964,0.3596331956726472,15.760635296922533,Weak
HLKRRKEPL,0.706428559213162,0.7175941024274154,0.8902780441308885,0.7615008604708678,0.7504561343860374,0.7936390454963599,0.877882122036136,0.7946258083971178,14.890195962283512,Weak
FQRAIMNAM,0.3629452692642749,0.40167961157620746,0.30116397695572317,0.3352442960030674,0.322305786718885,0.338566566312806,0.3564646473172458,0.3503816440331763,13.955690247834779,Weak
KIRNRIERL,0.17414506383810108,0.27223107807883073,0.3921160112954315,0.21374033748316723,0.2576603313035154,0.19450123481193138,0.26625244873845844,0.1999778190519047,13.223422791878955,Weak
RMMGKTNPL,0.2889722835316511,0.27980792509332786,0.3622726601938703,0.30399497234011175,0.25730015486918456,0.29203874637005756,0.3850372732459676,0.35081322352772537,11.80317483300551,Weak
FLIRRFFMF,0.16498095247472716,0.22598651958956817,0.17557637426917283,0.19309924551072122,0.15473700838923754,0.17898472266480048,0.30252554173595125,0.15581691114575635,13.79072474341195,Weak
GMYGHPFAL,0.2715179252992906,0.18698036498174275,0.10581959961245924,0.20697009307350545,0.16796838038480477,0.24595234750179762,0.37675572825988957,0.2847038000666561,2.7086314465528867,Weak
RIRFVQNAL,0.4657726257704132,0.5084900599511163,0.5707680451360991,0.42814043962622506,0.47485032965164864,0.4672931064003544,0.4799060916483081,0.4666309165306559,14.10475190114741,Weak
RQADILRQF,0.3883385147646176,0.3863598081014469,0.5220200314966018,0.3151468599108779,0.34760968475006304,0.33395971397450774,0.32667018808177206,0.34046806332986446,16.62995491228696,Weak
RRYASQTEL,0.3457302035035424,0.23706605852369034,0.4881055057742586,0.3359453044615853,0.3380972847909054,0.34414563822647404,0.4097561856884536,0.3777462202092231,9.41403122263764,Weak
YLYLRPYAL,0.2575664098148523,0.09402041006599893,0.2237650344944112,0.152918665731807,0.12310376128441458,0.21037791582773746,0.28473202963971234,0.24279724701290184,8.50712717429248,Weak
LLKTRFRGL,0.7084053456409385,0.6483158304635906,0.7499567616816533,0.627318857712842,0.6342807243194875,0.7494987108229562,0.8274915307597389,0.7395926949044582,11.809288208636005,Weak
HERPVILSL,0.6016693726883726,0.5574819727162966,0.5665843724669225,0.5708559612738423,0.5666226168882786,0.6077013499832399,0.6686457967290528,0.6140731741829062,9.054353781554397,Weak
YMKERFTVL,0.38449908195644084,0.3252490377387435,0.3904567720189266,0.32206765099143697,0.29794823723371666,0.3826463311600582,0.47270940314087107,0.3929636820260525,11.422635279958456,Weak
KQIPIWLPL,0.1609501634236729,0.14055089465043302,0.13781695327053523,0.11490944263838332,0.08454603870072397,0.059946252404511347,0.09879464833753826,0.10563400330844552,11.704730156487877,Weak
LLKHRFEII,0.33490568482214617,0.34342239661048535,0.4945823420838945,0.331046548458945,0.31539253751849006,0.32938580571238474,0.42785371230157054,0.33244411243842686,14.831649409026523,Weak
RVYSDHQAL,0.19040658731882049,0.08712135701951162,0.19676892487368913,0.12967118347514794,0.10349546217786598,0.08413030667389365,0.12690377429654254,0.1344168287391434,9.538841781223875,Weak
FQHERLGQF,0.4033921748381957,0.4049936311745287,0.43169265362079023,0.31294705453260463,0.3239803732577218,0.3971796916168553,0.4877063666977789,0.3874896903208205,12.036331645582944,Weak
AARGRTGVL,0.4771156330665662,0.49896022748565405,0.5755652527891032,0.5625019822205196,0.5234601154382179,0.4863276913278928,0.6328159163224106,0.5537714481340454,5.754328368992268,Weak
RMFKRVFNM,0.09239423065462232,0.1455935676613308,0.08957938704960677,0.047253550948137546,0.03746463054050264,0.09534621343299876,0.15473568877206134,0.07282971249893588,16.757470476386317,Weak
RQMRASAPL,0.3892991827002557,0.4004570668028392,0.4690075005828084,0.3605198025361259,0.3512558196225727,0.35980293828658594,0.3700361633634518,0.38804138120735443,16.443460493123364,Weak
TLKQRLTNL,0.6620653933076883,0.5610887910098094,0.6970296380314694,0.6033803036224165,0.5644559451430575,0.6655863077919238,0.7259216578431379,0.6865849031028257,13.488501309410825,Weak
LLRQHWLSL,0.42131993571881293,0.2782997135681853,0.35611963005394676,0.2551406719799022,0.23789726992945082,0.36084030735788963,0.3976663887147681,0.3622942012401217,12.802510018111114,Weak
MLKRRGFHL,0.4444798711888755,0.39833784223440916,0.4862015939362271,0.36718931951679645,0.37602125722558044,0.4782521084578081,0.5445354612276351,0.46204628736112285,13.347547227450187,Weak
TMRLRSEVL,0.735776414028058,0.7438991735114951,0.8482024907837865,0.7748465642214265,0.7486803776947746,0.7964519968615965,0.8585498788902716,0.7898377830496481,16.316822324874504,Weak
NMKWKFNAL,0.6582707873512621,0.6825141475064848,0.5825260160648352,0.6055967154146585,0.5826981130764228,0.6998382490179192,0.7337817584478054,0.709280007274671,14.893828075282599,Weak
RMYSPVSIL,0.16399825978533894,0.11360732012298569,0.1678851578858066,0.1705673363543393,0.13102991482462156,0.09387096883800616,0.1698629654194962,0.13957297850615136,8.795232399140014,Weak
RIHDIAVQL,0.16529836804348158,0.1627479663263347,0.2577268977985886,0.1345725257225865,0.1451215672312417,0.07265601790030407,0.14872618213594124,0.1131545628235694,8.56226473038035,Weak
RTQRSVRAL,0.48603371497481157,0.46595527908396794,0.6543311392174042,0.4908002508385215,0.4823612445345399,0.4731231737643423,0.5140801073069067,0.49318658214110744,15.43355906216612,Weak
VQHAPQVSL,0.44896333370818625,0.39358317006585886,0.24571384574364574,0.30939899890547384,0.30142317135951846,0.36534034997836473,0.3773841927555698,0.3798222493039417,9.57238858364309,Weak
LQYAIRSVF,0.36631544526019527,0.33307926325209103,0.3496031556486784,0.29417595366756044,0.32139271606977615,0.3165970039800282,0.3375649547820979,0.3229870400091328,9.988128145283563,Weak
REWSGLNYL,0.412293414287691,0.32503443107774166,0.4943465096731924,0.3815858553643957,0.3740807148038795,0.4143892042705567,0.554997825400302,0.46012875431313893,4.478132824033396,Weak
LQAMHGFPL,0.42404310218397473,0.36899884242074743,0.2854690020824261,0.2978749643200306,0.2697720156676082,0.37853393542695135,0.4318358137985866,0.39027562306722263,11.502587332932345,Weak
SLKERIDML,0.8519401476021262,0.838129651729049,0.9048216606508489,0.9233605828252381,0.8792616423190072,0.926432775544327,0.9956091892645115,0.9388620267126038,13.118790249497813,Weak
AQRELFFTL,0.3885833782033708,0.39297034161879296,0.3625790712280893,0.35265435151340896,0.30629537621664804,0.3705447753575948,0.4744775148464372,0.39193791940723877,12.024983129282402,Weak
FQFTLHWEL,0.6693778706675368,0.6139348059975235,0.6013894720932836,0.5746200364007149,0.5394270909344596,0.6617528287216797,0.7236673894600701,0.653498605475578,14.076612887644057,Weak
TIKRRIRQL,0.7132944523013798,0.7438164429678585,0.9607919349307866,0.7701939098290776,0.7706170604150198,0.7382455757804606,0.776468476745111,0.7497440904982682,17.3017541477299,Weak
NQFGTMPSL,0.28078529389054047,0.25945387726807134,0.15116729201228207,0.17612422359910251,0.16112609730189764,0.257334747417177,0.3225154217398071,0.2700612582263201,10.297146015570043,Weak
YMRERFEPM,0.09237466749099693,0.11214164091494783,0.20528256044987792,0.11144578026256913,0.08912742948694319,0.11898957120551834,0.24763366976323165,0.11962740539705241,12.813175987453137,Weak
IQYVIRAQL,0.18374319240773046,0.20331809128965384,0.17402221872101553,0.08170233166302743,0.10091916491456543,0.05887963253911521,0.04478668413454401,0.08450445481538316,13.97483833289722,Weak
KMFNRASYF,0.24925556332324,0.31968249106594415,0.1725747153150624,0.2857516015320912,0.23676956352763878,0.24196522789692532,0.35043929579398225,0.2640491731506279,10.115604210146472,Weak
REAKATRPL,0.39152251681266065,0.4190905008608258,0.5483133491267859,0.4358573857502538,0.40529311011215063,0.38179303526774144,0.49084824492700785,0.45838657256618975,10.004056891299086,Weak
YMYRVWSPL,0.2912321528238066,0.19923939768533416,0.2806964613018835,0.23978967568354093,0.21146072058808596,0.25569906664852515,0.32475369715267377,0.2714017466859241,10.631092073326906,Weak
KQLELFWVI,0.5268717542638628,0.4984122348878336,0.5053888561343877,0.4528224710371208,0.4431950309283973,0.4989788075042175,0.5273316158660336,0.503656952799481,13.937881626211055,Weak
YLRQRQAAL,0.38093379255376775,0.3332706586790629,0.3773481115940721,0.27830689170263245,0.26500205013228306,0.3324301042672624,0.3691059055967548,0.35703607010256055,13.598238690854295,Weak
IQAVFGFSL,0.2833090715555748,0.32413035999586615,0.16542759595662926,0.1836853144444901,0.1943494665646679,0.19929614907386528,0.2600486571310062,0.21880542138631465,8.245292264972077,Weak
RLDARLQVL,0.48894629432222597,0.4008010858189345,0.5535324601070372,0.4138582430223451,0.4411420920757977,0.4749042221157572,0.49589965418163595,0.4840957928010501,11.154227918870632,Weak
SMFERDFHF,0.4918118443425146,0.4641232773276943,0.46551378742716676,0.4795695508604775,0.4429059542577264,0.49172800838877306,0.6071698558574329,0.4999017721104464,9.222685278805923,Weak
MEFWLVAAL,0.6609303411452978,0.6631072217670025,0.49560352208718783,0.5300595829966107,0.5222685261660496,0.6344770541554815,0.655692527447565,0.6536559683959733,11.838831853384882,Weak
KLLPVHYYM,0.5538075098709765,0.47075585503378414,0.37461436624317124,0.48505933185862904,0.44093146570826336,0.5406292791289525,0.5411796029804382,0.5466217042135162,13.164163001764994,Weak
MQRSGMLSL,0.15791398634050685,0.07379901638829822,0.009763376253216216,0.08009069279917302,0.04297980713253591,0.0804891737345006,0.16173305748421385,0.12633438020043009,5.639104577372664,Weak
YRHKNYYAL,0.1609908444394234,0.06706062657624046,0.11043701000434158,0.08300157937886288,0.05902937596325486,0.12492068676728063,0.2395865402570455,0.1620325340401776,5.884007842371115,Weak
GMNVTAPAL,0.4165466533516236,0.4315474125763131,0.2608828316428923,0.3605121799198777,0.3247309301613217,0.3902552309062116,0.5577995568466426,0.42272368728375875,3.010324385525379,Weak
YLRQRQVAL,0.3695694082907393,0.2900469320778346,0.3477562770417718,0.24641400143931314,0.24926494605238625,0.3264434417429808,0.3550101755272904,0.3366484360802722,12.53056679711394,Weak
IIMRRFFYF,0.18034995519905966,0.24233358225977042,0.2262168931004761,0.18156119075610755,0.2034960769502584,0.14879790316125752,0.2404454219900677,0.16355007349032502,8.118809416732267,Weak
IMRRRQYVL,0.31489140241712593,0.2858202830655374,0.4202465118832305,0.29824506956249863,0.31293358159446316,0.31000671143220004,0.3298960294045564,0.3064686075137891,14.650449162526385,Weak
WQFAIHYSF,0.2705791525600278,0.23447599601804137,0.1704632025157361,0.19884465638947413,0.1748980680643918,0.1789838362771009,0.20634840952132583,0.1936616311948547,11.68173959861892,Weak
AEMQNPVYL,0.3100256160841854,0.28342174565855915,0.1364152190325595,0.20274811649916635,0.16586318587883875,0.2643704497841425,0.3462075262621601,0.3051384588320327,8.216618596068214,Weak
WMFRIRIIL,0.06428442611524282,0.07274673055504788,0.13443288650173135,0.06404957749607654,0.057563678391712836,0.0,0.0,0.016795906807723915,15.985131174215994,Weak
RAWPSAHAI,0.1222906313952759,0.16393135024675876,0.28537389916952505,0.2449944252812778,0.19404127849135933,0.059849488413952545,0.2996103786676284,0.15404767600745206,0.0,Weak
AAKKKGASL,0.29821283374627566,0.33294894319510815,0.1973972884976093,0.3090339300344557,0.23660892082854212,0.24359071520702968,0.39797603038782803,0.344169278876981,3.4509112578491097,Weak
MMMGMFNML,0.2900583630062908,0.30854356249391346,0.047861432061658715,0.3119748987246954,0.18920823196271164,0.3388711882189619,0.3690608883473,0.334096635563765,20.0,Weak
YQRALHTSI,0.5080535455448587,0.46603723159741406,0.5844356312259794,0.5293460516685428,0.48782550193492935,0.48760054406477027,0.564850383542523,0.5025092374583806,12.88311772336726,Weak
KEMGFSPRL,0.36257991746677004,0.352975569981676,0.26451884271019066,0.2894315556439414,0.29726276601602364,0.3721881381529778,0.446371350548581,0.3981334293091343,6.9026389518285445,Weak
KVRGRLLAL,0.11418267175291646,0.06795082278637765,0.06320935972356001,0.025416661051792966,0.04653332520764619,0.05772629441042432,0.06724614528695316,0.08249584673786381,9.8799072715953,Weak
RLHDAWWTL,0.30989320844693363,0.21429039172912412,0.37260964816912623,0.24092952904890563,0.21965309730350158,0.25976079055146173,0.35193523084001466,0.3031604451656794,9.198715758060874,Weak
ALFYKDGKL,0.5390164625965268,0.508227474761673,0.5673250915561591,0.4996168954744663,0.4594891722544131,0.534879282120511,0.6640618856866917,0.602551545563081,7.6730825393161135,Weak
RMMETWHPL,0.28950333921178334,0.2581068476641524,0.37816126288683727,0.2649452621288414,0.24014573313211574,0.29601833167948166,0.4242813566244291,0.3319385964502267,9.739584825880229,Weak
KLFTHDIML,0.668435858993899,0.6552546927215145,0.5426753290639209,0.6415369426693501,0.5859013445339518,0.668201446968827,0.6725902851294846,0.6783486326635282,16.112977690251217,Weak
TLKRRSWPL,0.8446775498316534,0.7740477137388332,0.9909260129280079,0.8824527237853804,0.8503284488330285,0.899502839912324,0.9746385551713791,0.9134991182152465,13.363526354720697,Weak
RLKHIFLIF,0.3270481595856652,0.3010502240532441,0.36720389594001823,0.2866618235829862,0.2821182490640759,0.29859446979759463,0.3593310910596782,0.30856885718401383,11.964855569974238,Weak
YLKAKREKL,0.49757766575959245,0.4808886608972268,0.6244077990091904,0.4639614273838947,0.45973748684253435,0.5375239675540734,0.6519127074069814,0.5730782212692629,10.486747876131659,Weak
AMAGGIGVL,0.7503197476015044,0.7612237014449187,0.6682961536076014,0.7326695395762831,0.715786045308191,0.7781377496714087,0.8801412771600988,0.812177085550897,6.038596252982051,Weak
IELDGIATL,0.29206157913856773,0.23467633879220917,0.26706708747685715,0.19077802274507005,0.2036194323672853,0.211355305998023,0.3160117619410846,0.2734198446965367,2.6458607525788462,Weak
REMHHLVEF,0.25662983955096447,0.18770574846309862,0.2349896021290504,0.1280735647804635,0.14569250367927922,0.232057924845255,0.29240954383458406,0.24166284590629072,9.886349924136795,Weak
RMAMIPRTL,0.3465247788844282,0.37869698875085034,0.3916762850834573,0.35520044145837504,0.32200187532308977,0.33972995016876073,0.38324235850700894,0.3615974701821344,15.996837436851349,Weak
LERPLAVQL,0.415101829505604,0.37530724088061096,0.36149372883978026,0.32908549431100986,0.3129878419404143,0.379153372697811,0.46004815364861107,0.3953991954519708,9.78329038025581,Weak
YMRWRKHWL,0.6175685241912123,0.59719185563183,0.6628154026795637,0.6040852595072058,0.5907506958956195,0.6572709570490497,0.7610432569861513,0.6623583786831742,10.427028682170066,Weak
AMMWRIAQL,0.5404351158527958,0.5703926057048027,0.44187508153969735,0.5072608822715502,0.45741284532166226,0.5013866796906566,0.5230317281277993,0.5341658129267901,14.914015887441435,Weak
KRMMIRYCL,0.11193070546063594,0.09479921828713267,0.0708660710020953,0.0377186108489701,0.036583234034227474,0.07358583859736834,0.07476032386949305,0.0911263035025075,14.297230431609616,Weak
RMKMRRPHL,0.3276109568226729,0.31139219036635235,0.3952528390073079,0.30501653903548587,0.29547778773887245,0.3593785063096768,0.4262496766236231,0.3482309702408445,14.869604359329804,Weak
GMFIIFIPI,0.06969927660344094,0.14106932210099787,0.12720563545356744,0.14219133066242284,0.114954151344133,0.002563580959033085,0.16125904361742027,0.04506627585139211,5.2097087659375,Weak
RIKTRLFTI,0.4337207789818554,0.4563252103955725,0.6472632960502348,0.4506537005964285,0.46752464836355623,0.43066579387024484,0.506023944734218,0.4314353042224679,13.92095504529015,Weak
GQFNRYAAM,0.15185018296092506,0.15466371395564416,0.07457152002828848,0.08191957622609425,0.06019851267847787,0.09249780655977113,0.16493787101284518,0.12045543746962684,10.28805528947856,Weak
RARKRGITL,0.0626911295174713,0.10958749746978091,0.2552399637553816,0.13009410255876241,0.11614480509309533,0.05573591083057927,0.17175768813915415,0.10072445016106668,10.94744436169468,Weak
LMARRARSL,0.3349196770186465,0.31800026012142724,0.42155927428065076,0.3479607255587275,0.31242158310840684,0.3280203254608808,0.4055823166320819,0.34252539583998154,14.128584661141602,Weak
MLREGNQAF,0.22880104495796377,0.18687403418898063,0.12917271159506993,0.0996998730970512,0.13080298362406728,0.2030077498353905,0.2777694604460529,0.2192058399065283,5.5336872510720605,Weak
WLYDLWGQL,0.8445596526204018,0.7011130888926725,0.8438354562765428,0.7131021475496212,0.6972572063352565,0.8257924638431374,0.821791369630564,0.8299622116529863,15.732498639691652,Weak
RAYRNALSM,0.1052445084515457,0.034911511384591476,0.1580556230844855,0.11697871071340993,0.08631658319126756,0.08006001435652599,0.1881122771664664,0.10575907212816571,8.464629676817898,Weak
KELGVHMSL,0.30125522958344214,0.2233134671968856,0.11610925000588146,0.19285654685411213,0.18093406378985266,0.2622669040412927,0.31092599741713534,0.29315394810253026,6.419489492815969,Weak
HLKRTILAL,0.8506623232124844,0.7816060177004464,0.8745556933066513,0.8336479704307823,0.8095360286024194,0.8896228671480636,0.92569710469487,0.8981238685556447,13.441858402542172,Weak
SQEDNHFSL,0.4464665039771522,0.38072699919071884,0.4065511220931769,0.4033311377476173,0.35849864028384315,0.4102646945722197,0.5042771569889207,0.4262210817305614,10.152346049137563,Weak
RRYRRIYDL,0.15246000952505817,0.06410177776008463,0.458093478891645,0.16310234492093512,0.1995794422250271,0.1692032866664981,0.22128199352965894,0.16692112435027584,13.957838498496177,Weak
FMKSRVYSI,0.25405644141130473,0.2285809909329658,0.23475177355525922,0.25596119217173596,0.19515201182928998,0.18854899367665778,0.32077248415400217,0.19692432684859285,9.875025364807065,Weak
RSRCRLHHL,0.5994836102147181,0.5537303111355701,0.8123826273926332,0.5946579888625408,0.6043541388348515,0.6426154228209674,0.737220839373271,0.6526354464864799,12.215895080201157,Weak
MAAAAFPAL,0.3962917829012252,0.3957664524533432,0.1773134639061632,0.3694207043052401,0.30944260992798633,0.33389013254007516,0.42855769915653374,0.4129249772631116,3.6649181041848906,Weak
KMNAKAATL,0.43459347745986693,0.48350815887843346,0.3013245255013398,0.423075211129455,0.3494498588963715,0.40344290710346664,0.47372288358583725,0.4558594175475663,12.316518132942239,Weak
KLQERLAKL,0.28600775167686115,0.2291471375685753,0.2894078596069979,0.17361434108131424,0.1656478818952738,0.2428798322718101,0.2668701031709467,0.2851307054150548,13.35471781303151,Weak
YMYAVSGAL,0.8884499341071193,0.8122202089970633,0.7662551481402534,0.8389602533648745,0.8154784720072745,0.9151474350820726,0.9369031419818875,0.9249043181036902,10.53466396233476,Weak
RVRPKKEVL,0.3564157071215615,0.443851182015884,0.4927019564537024,0.32179459798798316,0.3655817537692231,0.3716718173178586,0.4187971005929688,0.3754908738712821,14.53722870696281,Weak
AMKDRFQPL,0.27815385404688003,0.2326954739260687,0.25126446237981137,0.2625637390239429,0.1967017728432049,0.23231527274075647,0.34650073071584686,0.2754298691819804,9.718270403855652,Weak
RLRRDQRSL,0.4180144088530184,0.37090371967157265,0.6761017216193731,0.406498743153087,0.444736639525802,0.44710784250722424,0.49048781076525316,0.44435521074521045,14.72250625423548,Weak
TMMRHRREL,0.5930236203823811,0.5431562324821638,0.6998215572781178,0.6132318545321692,0.5741065352443671,0.6380169911658168,0.6882602861823554,0.6455293279300205,16.516850476633692,Weak
ALYEKKLAL,0.4030592123844416,0.31033834847272035,0.3053771643220068,0.3291915303477452,0.2944777134316007,0.36898724443780617,0.43887079560732356,0.4454544849352977,5.753243452985379,Weak
WMYNIQPYL,0.4211636895245608,0.3109555857575348,0.24818352723443715,0.3189144741095796,0.2754138888309756,0.3655898681158515,0.37004430793161014,0.38518916057009267,12.186022385208293,Weak
RGRAATMAL,0.23753813521333184,0.2222779090127408,0.2471529367480082,0.2686719047652105,0.24380015406730748,0.20274995874603896,0.27847922254025514,0.27340738030680234,6.470765181489503,Weak
RLPAYAPLL,0.6436675982705649,0.6015879855540543,0.6498698572957268,0.6539157992197434,0.5977663180639909,0.6589091492495175,0.7887315308959754,0.7015063356634659,8.175286273401955,Weak
YQRRRRFAI,0.02228529363142584,0.0472718176847039,0.26464574164944377,0.05211596340545266,0.06766278504723866,0.0027296309214576153,0.08423142005580664,0.0,14.778808786421639,Weak
HQAIISDVL,1.0,0.9999999999999999,1.0,0.9999999999999999,1.0,0.9999999999999999,0.9799427422050192,1.0,14.602911536176045,Weak
RMIAISAKV,0.46193876392936123,0.524348908676502,0.5193768264001125,0.4647799058035197,0.4714986172967014,0.4296891423563759,0.4401853289080192,0.452182139294371,14.436620817023119,Weak
FLKNRFEAL,0.37120999333038646,0.3945807344423461,0.38519887844151,0.31568983520039795,0.30370397693587825,0.3802270836648056,0.5058306963442883,0.37833020519643235,11.122348178815628,Weak
MSRRRIYVL,0.5490908440766626,0.5219765649526186,0.673923765105786,0.5530877789179939,0.561856928030467,0.5752023881648333,0.6169292697565384,0.5767877936231331,13.592344481644094,Weak
YLRRRIGMI,0.506142574263583,0.5398835781556613,0.7527777678761755,0.5995439497593361,0.592371556673194,0.5855119635009182,0.6691791919018705,0.5678468602414719,16.92722290097487,Weak
FLYDISISL,0.5044786688964356,0.4063943448616226,0.470513463050665,0.4304755464428992,0.4184374784495545,0.4453151233844289,0.5022746298034627,0.46652057835334904,8.422196571600653,Weak
RLIGHISTL,0.48905460428772746,0.45768404012405417,0.599358518732921,0.4638032580967494,0.47212675430648066,0.48337277019940894,0.5497373228685999,0.4971227797628732,11.424444713911125,Weak
RLARAIIEL,0.44089501862257724,0.4405003356551914,0.6065073490882885,0.4335098921821766,0.4594394558783198,0.44165271714024146,0.47565995805991645,0.4675616381777459,12.943755609145466,Weak
WLKEKHEEL,0.41692198106700346,0.3786405815620072,0.48808739772337606,0.3246956840610685,0.33296527177483737,0.4227739887165801,0.49479673156999004,0.4452699269827549,12.025966685389438,Weak
KVRDRNFQL,0.15448926668971047,0.16862092722266708,0.1740495946719557,0.06311594312384872,0.08093598829473381,0.0981833927286957,0.11278361052260444,0.08756502905831676,15.963673832034432,Weak
RQYERYTAL,0.12745038341209564,0.01863524946176509,0.2760752011669002,0.07496448337241945,0.08061857863553679,0.0871410702274632,0.11115987979802044,0.1258169663856653,12.93492624368921,Weak
RQLLWRYQI,0.15179434373229933,0.1078387449439383,0.32173087301479797,0.07138974858842062,0.0832635700313964,0.08293368327919715,0.09209181682658885,0.0769068427091747,18.911664625575785,Weak
LVRDITESL,0.160750256394045,0.11968632934821954,0.23402787926920465,0.11151247815473864,0.11465157641006074,0.0718034606644038,0.14788699544955575,0.1119466501456845,8.46357022554111,Weak
RQNAPFEPI,0.35779264290308027,0.44605897235438297,0.5866931490969859,0.40579977646677856,0.4080825730202595,0.3737930908147039,0.49026494576383983,0.38059320013716513,14.26551863728031,Weak
FLRGRAYGL,0.2013246464249679,0.13073928558415082,0.20967682832498402,0.15595859231512332,0.14842075664047738,0.18979510705125846,0.35278626417099346,0.207839874517589,3.6106360862314397,Weak
VLIRRCHYL,0.48049746922623676,0.4754290933756825,0.5806864091948977,0.44410818724793477,0.46297426348930903,0.4870183350773011,0.5381638915161292,0.4885559197140328,13.064554217565734,Weak
RRRRRRAAL,0.0,0.050872671080086085,0.34046358036089186,0.06632479232794564,0.10573523837933185,0.02217269284730916,0.07070270001319412,0.02477708217984609,17.039483200815187,Weak
YEFLGELAL,0.15314757051419242,0.0422100829341282,0.06173476553282209,0.0,0.0,0.10824980237247561,0.2530354435317098,0.15188907033074384,1.7995592410273702,Weak
RQQAIVDLL,0.5232871608123146,0.49527508748625315,0.5452555124400172,0.4579437802105718,0.4739512918506307,0.4871087466226781,0.4668842599112363,0.4906119774570179,15.12298281082359,Weak
YYKKTFSAL,0.435616851165006,0.3954955682751965,0.3557188290222154,0.3946356382627568,0.33403804959983663,0.407023765679275,0.5552466049367634,0.4528294377157984,6.2926661245397355,Weak
YSFSRAYTL,0.40384070247045195,0.31401181801925704,0.4240020075697354,0.43553247173268417,0.3347344798036579,0.34686921216531674,0.5331603130890467,0.40898637174787433,5.766805879660693,Weak
FLRKNQRAL,0.4803206234093596,0.4807067315042447,0.46429370403032444,0.4009170824055178,0.40555024534764317,0.48677782854809537,0.5494824719267842,0.4948671501433475,11.809778616328584,Weak
LMMNGTSAM,0.20757812180155227,0.14494118934622502,0.0,0.14489055352308466,0.0804616780292643,0.14078052641679095,0.21164356348846358,0.1866929042070573,7.760223629683446,Weak
LELAFSGVL,0.8741118194156758,0.8129173240481481,0.8174895254906464,0.7750597252400749,0.7981555224469441,0.9166755674764847,0.9549187786642527,0.923848385996088,8.96775906654276,Weak
RQRAVRMVL,0.4615976393609816,0.478206272142253,0.5317874000759967,0.41226566069911097,0.454735511552108,0.46883054586561423,0.4476544902411045,0.4511072273205825,16.491870319126946,Weak
QLKSRAAVL,0.5560216454097562,0.5301059430743836,0.5118300466745705,0.49845199637000104,0.4520110006837339,0.48336021304032883,0.5533486243898423,0.5192421141134711,11.499484245209333,Weak
VLKLRFWLI,0.4923570217765218,0.4482636505721179,0.4925546681343219,0.4047494888423272,0.4027777555034159,0.46201097436611105,0.5060073594317877,0.4486439522993473,13.837178259572179,Weak
MEQRVMATL,0.2845841752403418,0.2625477143223558,0.1626445168608054,0.1552001419984511,0.14923813663022412,0.23427596233265924,0.25112887416745855,0.2573832741770563,12.47558525786129,Weak
AVRQKSRWI,0.5920777219874933,0.6964765476414468,0.7526260594813831,0.5931344184399795,0.5976040716108268,0.5855296912549136,0.6263008541282667,0.5977885906358722,17.987162495678923,Weak
RQLQREGLV,0.4990140683762368,0.4841920474162721,0.6304886821117411,0.4007235224000786,0.4392705110790003,0.5080849638065742,0.515777731477142,0.49392070636829755,17.59181947805168,Weak
FLRKRRRFF,0.3841196084050607,0.46232732430360135,0.5575893764200385,0.39790342662462785,0.42970331618920243,0.4420988656157948,0.5398616637694215,0.4272993930833682,13.411341839428903,Weak
MEFNSLLAI,0.12642882351020673,0.08283077985985865,0.06468366874814191,0.05468083765474396,0.03150160562511406,0.05445050093462189,0.1497923801493476,0.10206564682463293,6.794643382153088,Weak
GMFANRWII,0.188222379533666,0.20119575460046002,0.20150567730170088,0.20760385916726443,0.20585854033788964,0.17597425457379756,0.30849195620236236,0.19469745030993113,5.095465484691496,Weak
RQWGMGFLL,0.27418836191282664,0.2367569211944891,0.25126161071825515,0.25759569888433465,0.21098627667644443,0.28884730745701714,0.3423030202872309,0.2832628882852156,15.795800559671031,Weak
AMLQDMAIL,0.1807448460780649,0.14240960877659548,0.014275560333672943,0.11330147896450571,0.04742407694598194,0.07587020743097206,0.12271317185468245,0.14937395477947735,9.400218910672852,Weak
KQWSWFSLL,0.36727987035970827,0.35552322984191853,0.27462427576707926,0.32421083122043937,0.26330501103650095,0.2789434022248626,0.35819440551094084,0.32281678777662615,10.533548860795424,Weak
AMYRDMATI,0.12412775497280065,0.12179193838830771,0.14314642355301344,0.16287380255164352,0.09377350502055215,0.05734219307385502,0.16081242511624871,0.1203824924615231,10.141508744844602,Weak
RVARARRTL,0.3231233484673622,0.3622043047632434,0.5486130587563477,0.32207282348103383,0.34761235767350895,0.3246498362324858,0.3449839159587188,0.33020448822844617,18.043086372978607,Weak
ALLNIKVKL,0.39428105244119777,0.34383202950601677,0.2994773617282783,0.31152856731974776,0.28507784354951415,0.34682814286856023,0.4007582148705898,0.400357756313532,8.665527676601291,Weak
AIIRILQQL,0.1342561618783124,0.11467412918646702,0.20279890581746074,0.11235287159607632,0.10702799780392602,0.02723130744992608,0.05993943106785504,0.08077349470185524,10.643495273410393,Weak
YMRERLSDF,0.09181757077848934,0.03106583782245942,0.14616975513495134,0.05148355849316644,0.06289736348177155,0.0723737034179257,0.17555912830612075,0.08589012668777385,7.167943160843142,Weak
AMAAAAAPY,0.5343306314574636,0.576578594081291,0.4245271410453194,0.5990201671285836,0.5059547388527066,0.48462671333202445,0.5990174392974229,0.5699386114641507,6.848520572606412,Weak
FLRRRRAAL,0.17436142465435384,0.1963967347110258,0.30841204513324716,0.16955529792927548,0.17779885823402097,0.16840273084231783,0.2447387940737752,0.17542226307142672,13.276773815632849,Weak
YLYQPCDLL,0.6886683160184222,0.5918569026125345,0.6367867192418007,0.5843394165894537,0.5566980521337681,0.678639696252663,0.7380834231827288,0.7030479540483274,11.00964174907055,Weak
RMLPKLAEF,0.12494759404181172,0.10055028778688391,0.0896977310041912,0.049870150093397236,0.041750796932125356,0.08413621592522547,0.15685031483198408,0.12284137661819283,9.131321941219179,Weak
FQNWGIESI,0.6195828822577394,0.6614799716226457,0.6828275079828704,0.568457287282386,0.5903152766662871,0.6231674857627668,0.7401198613883352,0.6027870942009002,10.282231247942965,Weak
RLAPGGTTI,0.341992861906867,0.3272839757031546,0.48938205206991403,0.3477766938235981,0.3430655812459139,0.33976954215268407,0.48107431888827523,0.36888318926340125,7.903938441896181,Weak
HENARLRAL,0.7120063928791123,0.6807644872787525,0.7844273614074663,0.7052037559352616,0.7036281193684846,0.7633486663632264,0.799469477638496,0.7762552808998948,13.30974519689041,Weak
FARTLLAAL,0.6499340293846494,0.6351489661988673,0.5467472166000921,0.6183051139996286,0.5741841836704693,0.6261073383003545,0.7022181509253637,0.6651440281479915,8.902796961310155,Weak
YAMAIRQAI,0.22102216104810885,0.19033678722547032,0.2092974147549248,0.22473215011272618,0.19836205924160621,0.14193519412703148,0.228512444974187,0.20450295908861515,5.597974801459471,Weak
YMKAPSGAL,0.8904539275836465,0.8554347289076988,0.8034853007540509,0.8787420069722435,0.8399500216774094,0.9283896241228639,1.0,0.9563332768186572,9.02430386564156,Weak
RALAYDPAL,0.4176393402523882,0.3442627988884023,0.35634861847691346,0.4178737283672532,0.3717727790545444,0.3794964047376239,0.4873240162435267,0.4509923566379177,3.645774696072055,Weak
RERLSRMAI,0.05533952583037205,0.06495709228332802,0.24326241488681422,0.08125395848587069,0.09578995846811555,0.03324943673754954,0.1346117936012422,0.06687938280874539,9.412062174895519,Weak
RARQKGCTL,0.24890018744361003,0.26656157207743003,0.4265615163995494,0.24336944683898942,0.22194071883464817,0.2476700191326784,0.34241274983277725,0.2900307686293405,14.533408612326197,Weak
RLLERCAKL,0.3574627898263259,0.3184015940282551,0.5052067775440211,0.2689261734643388,0.28374565850409317,0.35788686354223853,0.3897748945019278,0.3822986969188734,15.945621032335955,Weak
MQQGRFPPL,0.14493453984070664,0.10016866397822644,0.06234402302431541,0.03427414113192295,0.015596508306644274,0.08726398265516544,0.15333600771335043,0.10549321236076514,10.930241635342792,Weak
AMLAGTAVV,0.43179840665157915,0.42672738587172365,0.2332376838519673,0.3948296066226379,0.348844441735882,0.35462214991268337,0.4448989607086785,0.41955603260174446,3.7383715975562004,Weak
YQAGISAAL,0.5409957106144287,0.5091076862510263,0.42834736944915186,0.441998355965017,0.42882780011450794,0.4663285688517157,0.4819194288969574,0.5064887771626319,10.326908703730455,Weak
IVLSHILPL,0.42788551481177656,0.35194973717491795,0.3727997114118503,0.3541685297838074,0.3415778320559433,0.3312699704995399,0.38816493550168396,0.37734679317455677,6.525369075387385,Weak
VQYRGLYQI,0.15970174855815594,0.05314659398481503,0.17397573663764854,0.029637820917248203,0.045506788958260214,0.06825008010728828,0.0705821604044562,0.06444726876184559,13.660742300159338,Weak
IVKQRRWKL,0.24680135796858177,0.2560909714394193,0.37567019393437306,0.16918696222272211,0.19519063557308292,0.19504015853339463,0.2266908752848934,0.2126362566718123,14.840516542169302,Weak
RLSSLSLAL,0.8863367237634656,0.7994003461975007,0.9051831087531038,0.8817771694204043,0.8503865849179761,0.9096174099544586,0.970541245055692,0.9314571877248989,10.37521720156694,Weak
IQYDRRSFF,0.2259078992167996,0.21152423505692508,0.3620031781768046,0.20062494563781463,0.23990543731433212,0.18327158904347962,0.22863579816101576,0.19708154812819556,10.39903170450746,Weak
KQWGWFALL,0.3441836771181465,0.3474713953958507,0.20937882969235544,0.23564746434351103,0.20139876756845754,0.26358673532625765,0.3020032527924391,0.29625290700021367,12.65477233614093,Weak
YQVKYVSPV,0.4594681047880778,0.4448862215132351,0.37218004535567684,0.3408399769198066,0.33897039523449823,0.3923809363415559,0.4471638910718799,0.4016359228244647,10.623538007575021,Weak
REAGMAATL,0.28074798136654006,0.30274905297516796,0.26609281730616374,0.3085526162656559,0.23605308639797384,0.275599061433611,0.3782681005252949,0.31148764899372006,13.08523404895859,Weak
MMFDAMGAL,0.4017811288800491,0.37583163322930646,0.25327588185851335,0.3480178951805871,0.3031008317603179,0.3712426579398841,0.4086908761733917,0.42652518451191934,10.007386492663631,Weak
TQIPRQMVL,0.6366882129218454,0.5926270228298695,0.6302525645348834,0.6071895699741877,0.5629628501061954,0.6018284405470963,0.6228567383788489,0.6259574032313648,15.168991598342803,Weak
YVVSRRGDL,0.4891849390069792,0.41605709081803754,0.5979480869271995,0.4376549620032998,0.448046386982649,0.4673719949056344,0.5418912901543872,0.47504296319336525,10.438069330243787,Weak
